video_url,film_title,film_year,dir_firstname,dir_surname,film_type,grad_year
https://www.youtube.com/watch?v=M3jwWRUzS8I,1916,2015,Oscar,Lewis,1st Year,2016
https://vimeo.com/16350603,12 Sketches on the Impossibility of Being Still,2010,Magali,Charrier,Grad film,2010
https://vimeo.com/98249102,1984: Music for Modern Americans,1983,Emma,Calder,Collab,1983
https://vimeo.com/240490003,A Daily Chat,2017,Cheng-Hsu,Chung,1st Year,2018
https://vimeo.com/6727772,A Galaxy Over There,2009,Martin,Earle,Grad film,2009
https://vimeo.com/520565542,A Journey Across Grandmother,2005,Meghana,Bisineer,1st Year,2006
https://vimeo.com/257405020,A Monologue of an A4 Paper,2018,Cheng,Qiu,1st Year,2019
https://vimeo.com/361729778,A Women Like Me,2017,Isabel,Morales Bondy,Grad film,2017
https://vimeo.com/8602336,Abigail,2003,Anthony,Comley,1st Year,2005
https://www.youtube.com/watch?v=Cs9G0Y0opVI,Adjustment,2006,Ian,Mackinnon,Grad film,2006
https://vimeo.com/391510151,Adorable,2018,Cheng-Hsu,Chung,Grad film,2018
https://vimeo.com/524837064,Ahead,2018,Ala,Nunu,1st Year,n/a
https://vimeo.com/345967465,All You Can Eat,2019,Dimitris,Armenakis,Grad film,2019
https://vimeo.com/40175958,The Girl With Short Hair,2006,Maryam,Mohajer,1st Year,2007
https://vimeo.com/36779372,And Life Went On,2007,Maryam,Mohajer,Grad film,2007
https://vimeo.com/203138730,Anda Ate Mim,2016,Marta,Reis Andrade,1st Year,2017
https://vimeo.com/23867161,Anima Lucida,2011,Sam,Steer,1st Year,2012
https://vimeo.com/48952259,Annomolies,2012,Benjamin,Cady,Grad film,2012
https://vimeo.com/449258441,Any Instant Whatsover,2019,Michelle,Brand,Grad film,2019
https://vimeo.com/311572542,Attraction,2017,Emily,Scaife,Grad film,2017
https://vimeo.com/10552057,August,2009,Matthias,Hoegg,1st Year,2010
https://vimeo.com/394010904,Ayam,2017,Sofia,El Khyari,1st Year,2018
https://vimeo.com/111839128,Aye,2014,Sijia,Ke,1st Year,2015
https://vimeo.com/35135858,Bald Dad,2007,Kristian,Andrews,1st Year,2008
https://vimeo.com/266767861,Baraa,2018,Natasza,Cetner,1st Year,2019
https://vimeo.com/219727723,Barbeque,2017,Jenny,Jokela,Grad film,2017
https://vimeo.com/3106437,Batteries Not Included,2007,Robb,Ellender,Grad film,2007
https://vimeo.com/236380617,Beastly Places,2017,Katherine,Balchin,Grad film,2017
https://vimeo.com/46233381,Belly,2011,Julia,Pott,Grad film,2011
https://vimeo.com/283188580,Below,2017,Olga,Makarchuk,Grad film,2017
https://vimeo.com/364505580,Better,2019,Emily,Downe,Grad film,2019
https://vimeo.com/330146164,Between Sand and Tides,2016,Ruifan,Wang,Grad film,2016
https://vimeo.com/228977554,Big Finds a Trumpet,2017,Dan,Castro,1st Year,2018
https://vimeo.com/291699117,Birds of a Feather,2017,Daniel,Parry,Grad film,2017
https://vimeo.com/270127588,Body Echo,2018,Ali,Aschman,1st Year,2019
https://vimeo.com/227050260,Bodyworld,2017,Kitty,Faingold,Grad film,2017
https://vimeo.com/81986358,BOOGODOBIEGODONGO,2012,Peter,Millard,Grad film,2012
https://vimeo.com/98235294,Boom Is Life,2014,Jesse,Collett,Grad film,2014
https://vimeo.com/295667990,Break the Mould,2018,Rohan,Wadham,Grad film,2018
https://vimeo.com/396392696,Breast Friends,2019,Caitlyn,Young,Grad film,2019
https://vimeo.com/5395365,Bruce,2009,Tom,Judd,Grad film,2009
https://vimeo.com/16813230,Bus Stop,2003,Matthew,Abbiss,Grad film,2004
https://www.youtube.com/watch?v=4P34_FzBC8Q,Camera Obscura,2006,Martin,Pickles,1st Year,2007
https://vimeo.com/34786252,Captain Webb: the Art of Swimming,2003,Robert,Milne,Grad film,2003
https://vimeo.com/43310581,Carnival,1985,Susan,Young,Grad film,1985
https://vimeo.com/221788042,Chapter 2,2017,Jiun,Huang,Grad film,2017
https://www.youtube.com/watch?v=WOB9SVMkO38,Childhood of a Prophet,1988,David,Lodge,Grad film,1988
https://vimeo.com/84988219,Chinatown,2004,David,Borrull,Grad film,2004
https://vimeo.com/160584951,Cityscape,2009,Seongjun,Lee,Grad film,2009
https://vimeo.com/23760394,Clockwork,2009,David,Prosser,1st Year,2010
https://vimeo.com/19201957,Cloud Cover,2000,Lisbeth,Svärling,Grad film,2000
https://vimeo.com/228069189,Cobalt,2016,Je Eun,Shim,1st Year,2017
https://vimeo.com/1295873,Collision,2005,Max,Hattler,Grad film,2005
https://vimeo.com/42268634,Condensed Night,1998,Laurie,Proud,1st Year,1999
https://www.youtube.com/watch?v=8p20FEg_KeQ&list=TLGGEHO8azGktQQyNDAxMjAyNA,Contraption Number 19,2003,Malcolm,Lamont,1st Year,2004
https://vimeo.com/9937266,Copy City,2008,Denise,Hauser,Grad film,2008
https://vimeo.com/13450131,Corollary,2004,Ian,Gouldstone,1st Year,2005
https://vimeo.com/219232343,Cracked Chimney,2015,Miaojian,Dong,1st Year,2016
https://vimeo.com/175361837,Crackpot,2016,Alexander,Bernas,1st Year,2017
https://vimeo.com/213344845,Critical Living,2017,Alexander,Widdowson,1st Year,2018
https://vimeo.com/294149328,Crossing Seas,2017,Rohan,Wadham,1st Year,2018
https://vimeo.com/238771736,Crying & Wanking,2002,Alys,Scott-Hawkins,Grad film,2002
https://www.youtube.com/watch?v=T2YoRRF10JY,Dark Island,2009,Jons,Mellgren,Grad film,2009
https://www.youtube.com/watch?v=6VdlMdUTkg4,Dash! Dash!,2004,Seraphina,Samet,1st Year,2005
https://vimeo.com/125776491,Dawn Chorus,2004,Belle,Mellor,1st Year,2005
https://vimeo.com/76857722,Dead,2013,Joe,Bichard,1st Year,2014
https://vimeo.com/257145570,Dear His Majesty,2017,Avishakar,Chhetri,1st Year,2018
https://vimeo.com/49461529,Decoration,2011,Ben,Wheele,Grad film,2011
https://www.youtube.com/watch?v=1sGHEI_dmUM,Decoration,2011,Ben,Wheele,Grad film,2011
https://vimeo.com/310441398,Deep Dream,2018,Cheng,Qiu,1st Year,2019
https://vimeo.com/31392635,Demon Kills,2011,Ying Ping,Mak,1st Year,2012
https://vimeo.com/68638523,Devil in the Room,2013,Carla,MacKinnon,Grad film,2013
https://vimeo.com/14559901,Dictaphone Parcel,2010,Lauri,Warsta,Grad film,2010
https://vimeo.com/8240123,Die Andere Seite,2006,Eleanor,Land,1st Year,2007
https://www.youtube.com/watch?v=GtETK2beufA,Dog,2001,Suzie,Templeton,Grad film,2001
https://vimeo.com/278132709,Dog Days,2018,Jack,Brown,Grad film,2018
https://vimeo.com/98624023,DÖMESTIK,2014,Ignatz,Johnson Higham,Grad film,2014
https://www.youtube.com/watch?v=_wJQZL-nNcQ,Dream Thief,2003,Gaku,Kinoshita,1st Year,2004
https://vimeo.com/58580911,Drifting,2012,Tim,Divall,1st Year,2013
https://vimeo.com/333000034,Dyers Hall Road,1991,Stuart,Hilton,1st Year,1991
https://vimeo.com/36304632,Earthbound,2010,Sara,Muzio,Grad film,2010
https://vimeo.com/690182055,Eating in the Dark,2020,Inari,Sirola,Grad film,2020
https://vimeo.com/278537892,Good Intentions,2017,Anna,Mantzaris,Grad film,2018
https://vimeo.com/288230647,Enough,2016,Anna,Mantzaris,1st Year,2018
https://www.youtube.com/watch?v=tDLFNz7tT1g,Essai,2007,Martin,Ruyant,Grad film,2007
https://vimeo.com/1412856,Everything Turns,2004,Max,Hattler,1st Year,2005
https://vimeo.com/128378960,Exo-Moon,2015,Gudrun,Krebitz,Grad film,2015
https://vimeo.com/137466068,Far Enough,2008,Veselina,Dashinova,1st Year,2009
https://vimeo.com/445651051,Februarium!!,2020,John,Summerson,Grad film,2020
https://vimeo.com/76882242,Feelings,2014,Hannah,Jacobs,Grad film,2014
https://vimeo.com/5605680,Fighter Pilot,2009,Russell,Etheridge,Grad film,2009
https://vimeo.com/287993637,First Thirst,2018,Dimitris,Armenakis,1st Year,2019
https://www.youtube.com/watch?v=a5aQ2lieFhQ,Five O'Clock Shadow,2004,Malcolm,Lamont,Grad film,2004
https://vimeo.com/112949457,Float,2015,Robin,Warren,Grad film,2015
https://vimeo.com/1560662,Flowerpots,2009,Rafael,Sommerhalder,Grad film,2009
https://vimeo.com/13887752,Fly on the Window,2008,Nikita,Diakur,1st Year,2009
https://www.youtube.com/watch?v=HthmmksZPd8,For Your Blossom,2004,Gaku,Kinoshita,Grad film,2004
https://vimeo.com/77729428,Forgot,2013,Stephen,McNally,1st Year,2014
https://vimeo.com/188828237,Funny Foreign Names,2016,Hakim,Ismail,1st Year,2017
https://www.youtube.com/watch?v=H3ucz_J-nqc,Fused,2001,Celia,Galan Julve,1st Year,2002
https://vimeo.com/38910387,Gifted,2002,Emily,Mantell,1st Year,2003
https://vimeo.com/482311708,Good Intentions,2018,Anna,Mantzaris,Grad film,2018
https://vimeo.com/77184669,Grey Town,2001,Yuki,Tsujita,1st Year,2002
https://vimeo.com/7251094,Guy 101,2005,Ian,Gouldstone,Grad film,2005
https://vimeo.com/272976101,Half Asleep,2018,Caibei,Cai,Grad film,2018
https://vimeo.com/98447328,Half Wet,2014,Sophie,Gate,Grad film,2014
https://vimeo.com/424188401,Happy Ending,2018,Ara Eun Ju,Choi,Grad film,2018
https://vimeo.com/205706538,Happy to Sad,2016,Amanda,Eliasson,1st Year,2017
https://vimeo.com/329851,Heather,2007,Edward,Suckling,Grad film,2007
https://www.youtube.com/watch?v=noJo-bJ5V8A,Hello Dad,1987,Christophe,Simon,1st Year,1987
https://vimeo.com/284610483,Herman Brown is Feeling Down,2018,Dan,Castro,Grad film,2018
https://vimeo.com/313059851,Hilal (The Crescent),2017,Hakim,Ismail,Grad film,2017
https://vimeo.com/3514404,Hilary,1994,Anthony,Hodgson,Grad film,1994
https://vimeo.com/11945157,Historia del desierto,2002,Celia,Galan Julve,Grad film,2002
https://vimeo.com/33977517,Historia del desierto,2002,Celia,Galan Julve,Grad film,2002
https://vimeo.com/566013885,Hit and Run,2020,Hannah,Brewerton,Grad film,2020
https://vimeo.com/38582873,Hogan,2011,Peter,Millard,1st Year,2012
https://vimeo.com/39082607,Home,2012,Luiz,Stockler,1st Year,2013
https://vimeo.com/348936749,Hot and Tasty,2019,Laura,Hodkin,Grad film,2019
https://vimeo.com/250630787,How Are You Today?,2016,Sophia,Markatatos,Grad film,2016
https://vimeo.com/11891877,Howard,2010,Julia,Pott,1st Year,2011
https://www.youtube.com/watch?v=rsKsAsJshxg,Hunting for Hockney,2013,Alice,Dunseath,1st Year,2014
https://vimeo.com/48365629,Hysteria,2001,Alys,Scott-Hawkins,1st Year,2002
https://vimeo.com/166716772,I Love You Forever Now,2016,Youyang,Yu,Grad film,2016
https://vimeo.com/154406220,I May Be Some Time...,2014,Ana,Stefaniak,Grad film,2014
https://vimeo.com/62120572,I Sing the Body Electric,2002,Katerina,Athanasopoulou,Grad film,2002
https://vimeo.com/112691021,I think I,2014,Jonathan,Long,1st Year,2015
https://vimeo.com/28264507,I'm Fine Thanks,2011,Eamonn,O'Neil,1st Year,2012
https://vimeo.com/144390497,I'm Good with Plants,2015,Thomas,Harnett O'Meara,Grad film,2015
https://vimeo.com/49011743,Ilkla Moor Baht Hat,1981,Emma,Calder,1st Year,1983
https://vimeo.com/ellender,Illusion Dwellers,2007,Robb,Ellender,Grad film,2007
https://vimeo.com/44315863,Immersed,2012,Soledad,Aguila Villagra,Grad film,2012
https://vimeo.com/463339293,In Her Boots,2019,Kathrin,Steinbacher,Grad film,2019
https://vimeo.com/187983833,Inner House,2017,Yuriko,Ogawa,Grad film,2017
https://vimeo.com/14995528,Invisible Cities,2010,Sara,Muzio,Grad film,2010
https://vimeo.com/275580275,"Janet, Who Fell From the Sea",2018,Isabel,Greenberg,Grad film,2018
https://www.youtube.com/watch?v=WNxLOPbfeY0,Jollity Farm,1988,David,Stone,Grad film,1988
https://vimeo.com/76750801,Kamogawa,2008,Aline,Helmcke,Grad film,2008
https://vimeo.com/340435805,La Façade,2018,Oliver,Magee,1st Year,2019
https://vimeo.com/98751682,La Petite Maison,2014,Isaac,Holland,Grad film,2014
https://www.youtube.com/watch?v=Nu1F7ir5N7s&t=1s,Last Breath,2012,Ying Ping,Mak,Grad film,2012
https://vimeo.com/44740087,Left,2012,Eamonn,O'Neil,Grad film,2012
https://vimeo.com/47258355,Left Nude,2011,Peter,Millard,1st Year,2012
https://vimeo.com/131142185,Let's Get Takeaway,2015,Perrie,Murphy,Grad film,2015
https://vimeo.com/32578452,"Like Me, Only Better",2007,Martin,Pickles,Grad film,2007
https://www.youtube.com/watch?v=22JGYXVI6tE,"Like Me, Only Better",2007,Martin,Pickles,Grad film,2007
https://vimeo.com/173351330,Limoeiro,2015,Joana,Silva,1st Year,2016
https://vimeo.com/112925785,Liquid Jewels,2014,Zuzanna,Weiss,1st Year,2015
https://vimeo.com/95399265,Loop Ring Chop Drink,2014,Nicolas,Ménard,Grad film,2014
https://vimeo.com/649959045,Loser's Song,2020,Ruyi,Ling,Grad film,2020
https://vimeo.com/220147254,Love Soldiers,2013,Chloe,Feinberg,Grad film,2013
https://vimeo.com/132982025,Lying Belly,2015,Alice,de Barrau,Grad film,2016
https://vimeo.com/26269825,Mad Dogs and Englishmen,2010,Daniel,Chester,Grad film,2010
https://vimeo.com/49014184,Madame Potatoe,1983,Emma,Calder,Grad film,1983
https://vimeo.com/224048932,Madder Isle,2017,Laura,Spark,Grad film,2017
https://vimeo.com/8258358,Magnolia,2007,Eleanor,Land,Grad film,2007
https://vimeo.com/182547294,Man Up,2008,Ed,Barrett,Grad film,2008
https://www.youtube.com/watch?v=RZ6H7WuxtsI,Mankurt,2016,Ermina,Takenova,Grad film,2016
https://vimeo.com/13429668,Matter Fisher,2010,David,Prosser,Grad film,2010
https://www.youtube.com/watch?v=2JIHzosA05c,"Me, Myself and I",2004,Seraphina,Samet,1st Year,2005
https://vimeo.com/103996183,Meanwhile,2014,Stephen,McNally,Grad film,2014
https://vimeo.com/331195298,Menagerie,1985,Jonathan,Hodgson,Grad film,1985
https://www.youtube.com/watch?v=d5-lyIEkeKk,Middle Dog Gets Angry,2005,George,Gendi,1st Year,2006
https://vimeo.com/520545007,Moments of I Don't Know,2006,Meghana,Bisineer,Grad film,2006
https://vimeo.com/68331411,Montenegro,2013,Luiz,Stockler,Grad film,2013
https://vimeo.com/9035898,Moron,2005,Milo,Waterfield,Grad film,2005
https://www.youtube.com/watch?v=x4c9J3ECvGo,Moron,2005,Milo,Waterfield,Grad film,2005
https://vimeo.com/8323005,Morris and the Other,2008,Edwin,Rostron,1st Year,2008
https://vimeo.com/70562769,Mother,2006,Christoph,Steger,Grad film,2006
https://vimeo.com/269685982,Mothers and Daughters,2018,Gabriella,Marsh,1st Year,2019
https://vimeo.com/200330251,Mr Madila or The Colour of Nothing,2015,Rory,Waudby-Tolley,Grad film,2015
https://vimeo.com/432523742,Music and Clowns,2018,Alexander,Widdowson,Grad film,2018
https://vimeo.com/77703872,My Dad,2014,Marcus,Armitage,Grad film,2014
https://vimeo.com/356124089,"My Dad's Name was Huw, He Was an Alcoholic",2019,Freddie,Griffiths,Grad film,2019
https://vimeo.com/164643185,My Friend,2017,Yanqi,Liang,1st Year,2017
https://vimeo.com/219653697,My Life at 40,2005,Laurie,Hill,1st Year,2006
https://vimeo.com/13281807,My Mother's Coat,2010,Marie-Margaux,Tsakiri-Scanatovits,Grad film,2010
https://vimeo.com/104919923,Nachtmaschine,2004,Max,Hattler,1st Year,2005
https://vimeo.com/5991343,Nap,2006,Pooja,Pottenkulam,Grad film,2006
https://vimeo.com/241581951,Narcolepcy,2017,Ara,Eun Ju Choi,1st Year,2018
https://vimeo.com/36754941,Nature's Voice,2011,Peter,Jessien Laugesen,Grad film,2011
https://vimeo.com/138771374,"Nearly, Always",2014,Jonathan,Long,Grad film,2015
https://vimeo.com/462335609,Ni Vu Ni Connu,2020,Chloe,Hamon,Grad film,2020
https://vimeo.com/391941242,Nigel,2019,Natasza,Cetner,Grad film,2019
https://vimeo.com/33634918,Nightclub,1983,Jonathan,Hodgson,Grad film,1985
https://vimeo.com/102335563,No Signal,2014,Katherina,Huber,1st Year,n/a
https://vimeo.com/131819033,No Space Like Home,2015,Katherine,Hearst,Grad film,2015
https://vimeo.com/504712827,Nod Wink Horse,2019,Oliver,Magee,Grad film,2019
https://vimeo.com/25811084,Nomads,2011,Thomas,Senior,Grad film,2011
https://vimeo.com/275872883,Non-viable Living,2018,Avishakar,Chhetri,Grad film,2018
https://vimeo.com/140040032,Norwich to Sheringham,2009,Bali,Engel,Grad film,2009
https://www.youtube.com/watch?v=7yb59HnP7yw,Notes from the Sanotarium,2006,Asya,Lukin,1st Year,2007
https://www.youtube.com/watch?v=0odRHtwTtpI,Numb,2014,Ana,Tortos,Grad film,2014
https://vimeo.com/164914088,Of the Apple,2017,Lottie,Kingslake,1st Year,2017
https://vimeo.com/217818350,Old Bones,2017,Daniel,Stankler,1st Year,2018
https://vimeo.com/104894544,On Loop,2013,Christine,Hooper,Grad film,2013
https://vimeo.com/39627658,On the Water's Edge,2010,Tommaso,de Sanctis,Grad film,2010
https://vimeo.com/19894640/,On Time Off,2008,Bill,Porter,Grad film,2008
https://vimeo.com/19894640,On Time Off,2008,Bill,Porter,Grad film,2008
https://vimeo.com/133337022,Out of Eggs,2015,Diyala,Muir,1st Year,2016
https://vimeo.com/97812533,Over Dinner,2013,Marcus,Armitage,1st Year,2014
https://vimeo.com/25276820,Palimpsest,2008,Pia,Borg,Grad film,2008
https://www.youtube.com/watch?app=desktop&v=cPxrcqS5BMw,Palmersville,2008,Edwin,Rostron,Grad film,2008
https://www.youtube.com/watch?v=qzKoybvk_io,Paper Cranes,2018,Jack,Alexandroff,Grad film,2018
https://vimeo.com/131777863,Part,2015,Iris,Abols,Grad film,2015
https://vimeo.com/249793333,Passing,2009,Seongjun,Lee,Grad film,2009
https://vimeo.com/131023140,Pear,2015,Sijia,Ke,Grad film,2015
https://www.youtube.com/watch?v=urWPhMQEYJ0,Pecatum Parvum,2007,Asya,Lukin,Grad film,2007
https://vimeo.com/10015824,Pendulum,1991,Stuart,Hilton,Grad film,1991
https://vimeo.com/98456532,Phantom on the Cliff,2014,Annlin,Chao,Grad film,2014
https://vimeo.com/566610997,Pile,2019,Tobias,Auberg,Grad film,2019
https://www.youtube.com/watch?v=9vO8y5F1afE,Ping Pongs,2006,George,Gendi,Grad film,2006
https://vimeo.com/272978685,Pining,2017,Caibei,Cai,1st Year,2018
https://vimeo.com/100256068,Plant Geometry,2014,Thomas,Harnett O'Meara,1st Year,2015
https://vimeo.com/435303153,Plastified: An Ode,2020,Alice,Aires,Grad film,2020
https://vimeo.com/45503819,Play,2003,Matt,Abbiss,1st Year,2004
https://vimeo.com/18299400,Poor God,2003,Matthew,Abbiss,1st Year,2004
https://vimeo.com/234463699,Prey,2017,Dal,Park,1st Year,2018
https://vimeo.com/334011565,Private View,2019,Ansso,An,Grad film,2019
https://vimeo.com/9553205,Procrastination,2007,Johnny,Kelly,Grad film,2007
https://vimeo.com/131363608,Propeller,2015,Zuzanna,Weiss,Grad film,2015
https://www.youtube.com/watch?v=JZ86IJifzc4,Prophet and Loss,1988,Jonathan,Bairstow,Grad film,1988
https://vimeo.com/131829833,Psalm 73,2015,Wei-Kai,Huang,Grad film,2015
https://www.youtube.com/watch?v=xP7Dt403URg,Pull,2006,Joanne,Hummel-Newell,Grad film,2006
https://vimeo.com/43329892,Quand tu Dors,1998,Marie,Paccou,1st Year,2000
https://vimeo.com/32172875,Rabbit Punch,2008,Kristian,Andrews,Grad film,2008
https://vimeo.com/224623122,Remember How We Used to Play,2017,Matthias,Cuciniello,Grad film,2017
https://vimeo.com/235696804,Sad Circus,2017,Yanqi,Liang,Grad film,2017
https://vimeo.com/25349864,Sam's Hot Dogs,2009,David,Lopez Retamero,Grad film,2009
https://vimeo.com/221800817,Scope,2017,Rachael,Lloyd,Grad film,2017
https://vimeo.com/164690369,Scribblemouth,2017,Patrick,O'Mahony,1st Year,2017
https://vimeo.com/8030192,Seesaw,2009,Ryan,Edquist,Grad film,2009
https://vimeo.com/345245302,Shadow Passage,2019,Ali,Aschman,Grad film,2019
https://vimeo.com/217907241,Shell,2017,Yearin,Lee,1st Year,2018
https://vimeo.com/3814586,Shelly,2006,Johnny,Kelly,1st year,2007
https://vimeo.com/69798805,Shoot the Choir,2005,Anthony,Comley,Grad film,2005
https://vimeo.com/294601443,Should You Meet A Lady In A Darkened Wood,2018,Daniel,Stankler,Grad film,2018
https://vimeo.com/104846318,Shut Up Moon,2014,Gudrun,Krebitz,1st Year,2015
https://www.youtube.com/watch?v=k5twKz2ntZw,Silent Advice,2004,Richard,Jousiffe,1st Year,2005
https://www.youtube.com/watch?v=0xeWIWXz-3A,Siu Siu,2007,Matthew,Cooper,Grad film,2007
https://vimeo.com/123720972,Sleep With the Fishes,2005,Belle,Mellor,Grad film,2005
https://vimeo.com/221300467,Slippery,2017,Isabel,Greenberg,1st Year,2018
https://www.youtube.com/watch?v=VWzHf8en6sY,Slow Derek,2011,Dan,Ojari,Grad film,2011
https://vimeo.com/97202679,Small People With Hats,2014,Sarina,Nihei,Grad film,2014
https://vimeo.com/277584430,Snow White Cologne,2017,Amanda,Eliasson,Grad film,2017
https://vimeo.com/353320315,So I Danced Again,2017,Lottie,Kingslake,Grad film,2017
https://vimeo.com/366473244,Solos,2019,Gabriella,Marsh,Grad film,2019
https://vimeo.com/28889047,Something Strange That Smells Awful Sweet,2009,Ryan,Edquist,Grad film,2009
https://vimeo.com/77703019,Somewhere,2013,Nicolas,Ménard,1st Year,2014
https://vimeo.com/1062174475,Sour Days,2023,Faye,Craig,Grad film,2023
https://vimeo.com/685117723,Space,2020,Xian,Zhong,1st Year,2021
https://vimeo.com/207897674,Squids Are Part Alien,2014,Yingqi,Wang,Grad film,2014
https://vimeo.com/8978323,Stagger Lee,2004,Milo,Waterfield,1st Year,2005
https://vimeo.com/112929596,Stolen Shadows,2014,Zuzanna,Weiss,1st Year,2015
https://www.youtube.com/watch?v=tKwOmZQlfM8,Strangers in Paradise,1987,Andrew,Staveley,Grad film,1987
https://vimeo.com/218539975,Strings,2017,Ruini,Shi,1st year,2018
https://vimeo.com/13233688,Surge,1996,Jan,Otto Ertesvåg,1st Year,1997
https://vimeo.com/369608371,Synchrononicity,2018,Michelle,Brand,1st Year,2019
https://vimeo.com/86503503,Telling Toys,2008,Anitha,Balachandran,Grad film,2008
https://vimeo.com/43308686,Tempting Fate,1985,Susan,Young,Grad film,1985
https://www.youtube.com/watch?v=HbBoWS0vmm0,Tenderfoot,2014,Jessica,Ashman,Grad film,2014
https://vimeo.com/83970257,Terra Infirma,2013,Betsy,Dadd,Grad film,2013
https://vimeo.com/433996702,Thank You,2020,Julian,Gallese Cardona,Grad film,2020
https://vimeo.com/19357827,The Adventures of John and John,2006,William,Bishop-Stephens,Grad film,2006
https://vimeo.com/94950953,The Age of Curious,2013,Luca,Tóth,Grad film,2013
https://vimeo.com/33003860,"The Amazing, Mysterious and True Story of Mary Anning and her Monsters",2003,Laura,Heit,Grad film,2003
https://vimeo.com/43109969,The Beast i am,2012,Sam,Steer,Grad film,2012
https://vimeo.com/77777314,The Cycle,2013,Jessica,Ashman,1st Year,2014
https://vimeo.com/173491845,The Day After the Party,2016,Diyala,Muir,Grad film,2016
https://vimeo.com/64671747,The Dewberry Empire,2013,Christian,Schlaeffer,Grad film,2013
https://vimeo.com/73709379,The Duck and Andy Show,2013,Sally,Stevens,Grad film,2013
https://vimeo.com/41756240,The Eagleman Stag,2010,Michael,Please,Grad film,2010
https://www.youtube.com/watch?v=bElzJq1g0_I,The Encyclopedia of Aquatic Affairs,2014,Stephanie,Johnstone,Grad film,2014
https://vimeo.com/172394759,The Grey Hound,2016,Josh,Saunders,Grad film,2016
https://vimeo.com/309753448,The Hair of London,2019,Ruyi,Ling,1st Year,2020
https://vimeo.com/383333931,The Inner Turmoils of Someone Who's Definitely Not Me,2019,James,Cheetham,1st Year,2020
https://vimeo.com/40003642,The Natural Order of Things,2011,Sarah,Beeby,Grad film,2011
https://www.youtube.com/watch?v=TTBHTKjsFNw,The Nest,2010,Emily,Cooper,Grad film,2010
https://vimeo.com/44374187,The Other Side,2012,Jing,Li,Grad film,2012
https://vimeo.com/544476392,The Porus Body,2018,Sofia,El Khyari,Grad film,2018
https://www.youtube.com/watch?v=LYbdP0IiKoo,The Prison Ship,2008,Russell,Etheridge,1st Year,2009
https://vimeo.com/346909805,The Redness of Red,2018,Emily,Downe,1st Year,2019
https://vimeo.com/77771729,The Restaurant of Many Orders,2002,Yuki,Tsujita,Grad film,2002
https://vimeo.com/68803061,The Shirley Temple,2013,Daniela,Sherer,Grad film,2013
https://vimeo.com/69733874,The Sine Wave,2013,Neely,Goniodsky,Grad film,2013
https://www.youtube.com/watch?v=4X9LUQUztTc,The Thing I Left Behind,2018,Chiara,Sgatti,Grad film,2018
https://vimeo.com/68866825,The Thing Under the Tree,2013,Lily,Fang,Grad film,2013
https://vimeo.com/478661008,The Things Around Us,2020,Magdalena,Kreps,1st Year,2021
https://vimeo.com/231879169,The Village Game,2017,Marta,Reis Andrade,Grad film,2017
https://vimeo.com/98638604,The Waldgeist & Me,2014,Joe,Bichard,Grad film,2014
https://www.youtube.com/watch?v=M3jwWRUzS8I,The Waves,2016,Oscar,Lewis,Grad film,2016
https://www.youtube.com/watch?v=2xPeF7xjAJA,The White Spot,2017,Chiara,Sgatti,1st Year,2018
https://vimeo.com/329091865,The Witch's Mask,2017,Laura,Nasir-Tamara,Grad film,2017
https://vimeo.com/41250132,The Woman Who Married a Pig,2011,Laurence,Weedy,Grad film,2011
https://vimeo.com/344627106,The Woman Who Turned into a Castle,2018,Kathrin,Steinbacher,1st Year,2019
https://vimeo.com/271388600,Them,2015,Jamie,Kendall,Grad film,2015
https://vimeo.com/68768275,Things Don't Fit,2013,Tim,Divall,Grad film,2013
https://vimeo.com/311976844,Things Used to be Hidden,2015,Tara,Wood,Grad film,2015
https://vimeo.com/25029516,This is Not Real,2010,Gergely,Wootsch,Grad film,2011
https://vimeo.com/16962056,Thursday,2010,Matthias,Hoegg,Grad film,2010
https://vimeo.com/44405353,Tired of Swimming,2012,Anna,Eijsbouts,Grad film,2012
https://vimeo.com/12081751 ,To Have and to Hold,2003,Emily,Mantell,Grad film,2003
https://vimeo.com/12081751,To Have and to Hold,2003,Emily,Mantell,Grad film,2003
https://vimeo.com/221069395,Trafalgar Square,1985,Susan,Young,1st Year,1985
https://vimeo.com/259419867,Train of Thought,1985,Jonathan,Hodgson,Grad film,1985
https://vimeo.com/89221415,Trifling Habits,2013,Sarina,Nihei,1st Year,2014
https://vimeo.com/134560750,Tusk,2014,Rory,Waudby-Tolley,1st Year,2015
https://vimeo.com/224329680,Under the Weather,2017,Patrick,O'Mahony,Grad film,2017
https://vimeo.com/281174523,Undergrowth,2018,Laura,White,Grad film,2018
https://vimeo.com/276147683,Ursa Minor,2018,Yearin,Lee,Grad film,2018
https://vimeo.com/68505746,UU,2013,Yu,Yu,Grad film,2013
https://vimeo.com/834315901,Vampire,2021,Xian,Zhong,Grad film,2021
https://www.youtube.com/watch?v=0QvQRH-cvDw,Velocity,2012,Karolina,Glusiec,Grad film,2012
https://vimeo.com/171203867,Vertical Mattress,2016,Mauricio,Arrieta Fontanilla,Grad film,2016
https://vimeo.com/11932078,"Victoria, George, Edward and Thatcher",2010,Callum,Cooper,Grad film,2010
https://vimeo.com/3043091,"Wake Up, Freak Out: then Get a Grip",2008,Leo,Murray,Grad film,2008
https://vimeo.com/448945068,Wandaland,2019,Richard,Noble,1st Year,2020
https://vimeo.com/291980580,Waste,2017,Laura,White,1st Year,2018
https://www.youtube.com/watch?v=QA9paXCpaic,West Pier,2001,Mark,Collington,Grad film,2001
https://vimeo.com/363494810,West Question East Answer,2018,Dal,Park,Grad film,2018
https://vimeo.com/68494278,"What I Saw, What I Heard",2013,Greet,Kallikorm,Grad film,2013
https://vimeo.com/152405375,What Light (Through Yonder Window Breaks),2009,Sarah,Wickens,Grad film,2009
https://vimeo.com/31335865,"What They Could Take With Them, They Took",2009,Veselina,Dashinova,Grad film,2009
https://vimeo.com/232741538,Where Our Memories Are,2016,Yuriko,Ogawa,1st Year,2017
https://vimeo.com/290427747,White Lilacs,2017,Alexander,Bernas,Grad film,2017
https://vimeo.com/78219556,Wish You Were Here,2013,Lara,Lee,Grad film,2013
https://vimeo.com/147868195,Within,1998,Pedro,Serrazina,Grad film,1998
https://vimeo.com/25433243,Within Within,2011,Sharon,Liu,Grad film,2011
https://vimeo.com/6109423,Wolves,2009,Rafael,Sommerhalder,Grad film,2009
https://vimeo.com/122574484,Yellow Fever,2012,Ng'endo,Mukii,Grad film,2012
https://www.youtube.com/watch?v=UdDOSMOYpWw,You Could Sunbathe in this Storm,2014,Alice,Dunseath,Grad film,2014
https://vimeo.com/4358740,You. Me. Let's Hug!,2006,Edward,Suckling,1st Year,2007
